Date,Total Downloads,Latest Release Downloads,Version,Total Clones,Unique Cloners,Total Views,Unique Visitors
2026-09-14T13:58:41Z,0,0,v1.0.0,0,0,0,0
2026-09-15T02:29:31Z,0,0,v1.0.0,0,0,0,0
2026-09-15T16:58:59Z,0,0,v1.0.0,24,16,59,3
2026-09-15T20:10:18Z,0,0,v1.0.0,24,16,59,3
2026-09-16T02:23:24Z,0,0,v1.0.0,24,16,59,3
2026-09-17T02:27:22Z,0,0,v1.0.0,63,33,101,3
2026-09-18T02:12:57Z,0,0,v1.0.0,71,38,101,3
2026-09-19T02:16:04Z,0,0,v1.0.0,85,43,106,4
2026-09-20T02:24:20Z,0,0,v1.0.0,100,50,108,6
2026-09-21T02:23:07Z,0,0,v1.0.0,114,57,109,6
2026-09-22T02:26:38Z,0,0,v1.0.0,119,59,112,6
2026-09-23T02:26:37Z,0,0,v1.0.0,130,62,111,6
2026-09-24T02:15:09Z,0,0,v1.0.0,145,71,106,5
2026-09-25T02:32:02Z,0,0,v1.0.0,150,72,103,5
2026-09-26T02:34:44Z,0,0,v1.0.0,150,72,103,5
2026-09-27T02:32:58Z,0,0,v1.0.0,150,72,103,5
2026-09-28T02:36:09Z,0,0,v1.0.0,150,72,103,5
2026-09-29T03:18:40Z,0,0,v1.0.0,150,72,103,5
2026-09-30T03:01:14Z,0,0,v1.0.0,191,92,69,4
2026-10-01T03:07:47Z,0,0,v1.0.0,164,82,15,4
2026-10-02T03:09:47Z,0,0,v1.0.0,162,80,16,5
2026-10-03T02:55:48Z,0,0,v1.0.0,152,76,8,4
2026-10-04T03:25:30Z,0,0,v1.0.0,142,70,6,3
2026-10-05T03:03:26Z,0,0,v1.0.0,135,65,5,2
2026-10-06T03:52:47Z,0,0,v1.0.0,136,65,2,2
2026-10-07T03:20:19Z,0,0,v1.0.0,135,66,1,1
2026-10-08T03:35:47Z,0,0,v1.0.0,129,60,1,1
2026-10-09T03:41:11Z,0,0,v1.0.0,148,70,1,1
